file_name,security_code,file_apostille_no,status,case_reference,signer_reference,working_link
apostila (32).pdf,2013074053054,3HWVD912FN7H4,MATCH,92/21,Фельдман Ян,https://apostila.gov.md/apostila/site/downloadApostila/apostileCode/3HWVD912FN7H4/securityCode/2013074053054
apostila (31).pdf,2013073967178,7G6YCW5R9NCP4,MATCH,318,Тома Надежда,https://apostila.gov.md/apostila/site/downloadApostila/apostileCode/7G6YCW5R9NCP4/securityCode/2013073967178
apostila (30).pdf,2013074127359,CK5O133ZKLJE8,MATCH,1-42/09,Иордан Юрий,https://apostila.gov.md/apostila/site/downloadApostila/apostileCode/CK5O133ZKLJE8/securityCode/2013074127359
apostila (29).pdf,2013073851064,BOUS9XAQDTFH2,MATCH,07-6/3-41,Мирон Алёна,https://apostila.gov.md/apostila/site/downloadApostila/apostileCode/BOUS9XAQDTFH2/securityCode/2013073851064
apostila (28).pdf,2013073880545,CQ0VC27VGTCK6,MATCH,21-021527,Гонза Наталья,https://apostila.gov.md/apostila/site/downloadApostila/apostileCode/CQ0VC27VGTCK6/securityCode/2013073880545
apostila (27).pdf,2013074147166,CTTO324Z8MDO7,MATCH,2-5486,Василий Стахурский,https://apostila.gov.md/apostila/site/downloadApostila/apostileCode/CTTO324Z8MDO7/securityCode/2013074147166
apostila (25).pdf,2013074155734,GGTUEBEZGYGH7,MISMATCH,671,Тома Надежда,https://apostila.gov.md/apostila/site/downloadApostila/apostileCode/GGTUEBEZGYGH7/securityCode/2013074155734
apostila (24).pdf,2013074184369,IG4Q770QDXGH7,MATCH,723,Тома Надежда,https://apostila.gov.md/apostila/site/downloadApostila/apostileCode/IG4Q770QDXGH7/securityCode/2013074184369
apostila (23).pdf,2013073926618,7H2Q3790FZEI5,MATCH,1-568/98,Мирон Алёна,https://apostila.gov.md/apostila/site/downloadApostila/apostileCode/7H2Q3790FZEI5/securityCode/2013073926618
apostila (21).pdf,2013074155734,EJ3U9703FPFS4,MATCH,671,Тома Надежда,https://apostila.gov.md/apostila/site/downloadApostila/apostileCode/EJ3U9703FPFS4/securityCode/2013074155734
apostila (15).pdf,2013074079955,5S2WF92X7X4R8,MATCH,1-272/03,Мирон Алёна,https://apostila.gov.md/apostila/site/downloadApostila/apostileCode/5S2WF92X7X4R8/securityCode/2013074079955
apostila (12).pdf,2013073928629,6R3U2Y63JZ6M3,MATCH,1a-42/09,Гузун Корнелиу,https://apostila.gov.md/apostila/site/downloadApostila/apostileCode/6R3U2Y63JZ6M3/securityCode/2013073928629
apostila (10).pdf,2013073942632,9OVS71FRKM4S3,MATCH,784,Стела Пынзару,https://apostila.gov.md/apostila/site/downloadApostila/apostileCode/9OVS71FRKM4S3/securityCode/2013073942632
apostila (9).pdf,2013074013836,DLUX84ASKYII6,MATCH,04-07/1191,Пушкуца Сергей,https://apostila.gov.md/apostila/site/downloadApostila/apostileCode/DLUX84ASKYII6/securityCode/2013074013836
apostila (3).pdf,2013073880545,CQ0VC27VGTCK6,MATCH,21-021527,Гонза Наталья,https://apostila.gov.md/apostila/site/downloadApostila/apostileCode/CQ0VC27VGTCK6/securityCode/2013073880545
apostila (4).pdf,2013073851064,BOUS9XAQDTFH2,MATCH,07-6/3-41,Мирон Алёна,https://apostila.gov.md/apostila/site/downloadApostila/apostileCode/BOUS9XAQDTFH2/securityCode/2013073851064
apostila (5).pdf,2013073926618,7H2Q3790FZEI5,MATCH,1-568/98,Мирон Алёна,https://apostila.gov.md/apostila/site/downloadApostila/apostileCode/7H2Q3790FZEI5/securityCode/2013073926618
apostila (6).pdf,2013074155734,GGTUEBEZGYGH7,MISMATCH,671,Тома Надежда,https://apostila.gov.md/apostila/site/downloadApostila/apostileCode/GGTUEBEZGYGH7/securityCode/2013074155734
apostila (7).pdf,2013074184369,IG4Q770QDXGH7,MATCH,723,Тома Надежда,https://apostila.gov.md/apostila/site/downloadApostila/apostileCode/IG4Q770QDXGH7/securityCode/2013074184369
apostila (8).pdf,2013073851064,BOUS9XAQDTFH2,MATCH,07-6/3-41,Мирон Алёна,https://apostila.gov.md/apostila/site/downloadApostila/apostileCode/BOUS9XAQDTFH2/securityCode/2013073851064
apostila (11).pdf,2013074053054,3HWVD912FN7H4,MATCH,92/21,Фельдман Ян,https://apostila.gov.md/apostila/site/downloadApostila/apostileCode/3HWVD912FN7H4/securityCode/2013074053054
apostila (13).pdf,2013073967178,7G6YCW5R9NCP4,MATCH,318,Тома Надежда,https://apostila.gov.md/apostila/site/downloadApostila/apostileCode/7G6YCW5R9NCP4/securityCode/2013073967178
apostila (14).pdf,2013074079955,5S2WF92X7X4R8,MATCH,1-272/03,Мирон Алёна,https://apostila.gov.md/apostila/site/downloadApostila/apostileCode/5S2WF92X7X4R8/securityCode/2013074079955
apostila (16).pdf,2013074053054,3HWVD912FN7H4,MATCH,92/21,Фельдман Ян,https://apostila.gov.md/apostila/site/downloadApostila/apostileCode/3HWVD912FN7H4/securityCode/2013074053054
apostila (17).pdf,2013073942632,9OVS71FRKM4S3,MATCH,784,Стела Пынзару,https://apostila.gov.md/apostila/site/downloadApostila/apostileCode/9OVS71FRKM4S3/securityCode/2013073942632
apostila (18).pdf,2013074013836,DLUX84ASKYII6,MATCH,04-07/1191,Пушкуца Сергей,https://apostila.gov.md/apostila/site/downloadApostila/apostileCode/DLUX84ASKYII6/securityCode/2013074013836
apostila (19).pdf,2013073851064,BOUS9XAQDTFH2,MATCH,07-6/3-41,Мирон Алёна,https://apostila.gov.md/apostila/site/downloadApostila/apostileCode/BOUS9XAQDTFH2/securityCode/2013073851064
apostila (20).pdf,2013074184369,IG4Q770QDXGH7,MATCH,723,Тома Надежда,https://apostila.gov.md/apostila/site/downloadApostila/apostileCode/IG4Q770QDXGH7/securityCode/2013074184369
apostila (22).pdf,2013074155734,GGTUEBEZGYGH7,MISMATCH,671,Тома Надежда,https://apostila.gov.md/apostila/site/downloadApostila/apostileCode/GGTUEBEZGYGH7/securityCode/2013074155734
apostila (26).pdf,2013074147166,CTTO324Z8MDO7,MATCH,2-5486,Василий Стахурский,https://apostila.gov.md/apostila/site/downloadApostila/apostileCode/CTTO324Z8MDO7/securityCode/2013074147166
apostila (33).pdf,2013074127359,FJXU588SHPDP2,MISMATCH,1-42/09,Иордан Юрий,https://apostila.gov.md/apostila/site/downloadApostila/apostileCode/FJXU588SHPDP2/securityCode/2013074127359
